Nombre;Apellido;Identificacion;Direccion;Telefono;Acudiente;Nota
Allys;Kindleysides;567-88-5949;52311 Clyde Gallagher Way;+7 980 620 0263;Carmelia;
Bunny;Barlie;621-64-9812;3 Lillian Trail;+233 751 957 7843;Ardenia;
Jenelle;Volleth;768-40-1371;78 Northridge Hill;+86 885 943 1201;Cassandre;
Jacinthe;Matous;377-32-4142;972 Holy Cross Place;+54 812 732 1044;Sabina;
Heather;Nickoll;407-53-5217;31222 Kropf Place;+62 826 537 3911;Rosanne;
Juliette;Piatto;526-83-1748;51843 Mesta Point;+7 879 348 2541;Elijah;
Klement;Hugett;888-04-6141;1 Dexter Parkway;+63 648 572 8182;De witt;
Friedrich;Braisby;130-62-0308;58581 Hagan Terrace;+62 572 591 0942;Muire;
Brigitte;Dutnell;412-38-7322;4 Spenser Road;+55 755 110 4070;Madlen;
Moe;Lethbridge;758-64-0738;4556 Orin Avenue;+351 146 700 9814;Fletcher;
Sascha;Stowe;344-29-8526;84356 Service Hill;+351 303 513 8409;Alyson;
Geri;Quibell;496-96-5352;51 Granby Parkway;+62 740 673 9583;Izaak;
Aubrette;Hixson;720-88-7301;1 Nancy Junction;+351 543 272 6969;Rod;
Dinnie;Rochford;275-03-8782;06564 Drewry Avenue;+86 273 911 8174;Alisander;
Rozalie;Askie;706-30-0679;2 Moulton Lane;+7 119 390 5569;Scot;
Dyanne;Lording;309-93-0917;559 Rockefeller Circle;+62 870 617 9416;Martino;
Karel;Pandie;720-11-7889;46376 Pleasure Avenue;+1 240 402 9778;Julietta;
Julee;Winslet;758-84-5762;4 Fair Oaks Park;+48 177 419 6273;Sigvard;
Clary;Jagoe;651-49-3283;037 Sundown Court;+52 703 147 1532;Pearle;
Orin;Barbier;213-13-6512;35533 Sachtjen Point;+62 937 626 6996;Janith;
Lynn;Sommers;737-38-6250;14 Melby Pass;+63 477 808 9323;Georgianne;
Hyacintha;Ormerod;759-59-3959;978 Hintze Point;+351 770 953 5315;Esmaria;
Hadlee;Southerill;413-50-6826;5 Badeau Terrace;+30 118 739 9593;Benyamin;
Chris;Gisbey;479-48-1628;082 Tennessee Alley;+62 513 604 8768;Madelena;
Filmer;Demcak;418-44-5467;1289 Spenser Alley;+507 733 214 8762;Ramon;
Tanny;Edwins;235-30-7244;26 Holy Cross Hill;+86 530 270 9668;Leo;
Colleen;Daily;456-34-5168;394 Luster Trail;+33 621 487 3047;Lyn;
Ernesta;Pettis;642-49-9671;808 Dennis Circle;+51 626 258 3644;Ysabel;
Brig;Peer;899-12-0041;61114 Warrior Avenue;+963 735 798 4245;Karia;
Randolph;Bannister;373-98-2378;9178 Crowley Court;+374 543 641 9320;Matthiew;
Rosamund;Girardengo;248-63-4199;90792 Blaine Drive;+7 120 513 5455;Gus;
Webb;Harden;236-20-0480;33093 Spenser Hill;+7 633 884 2215;Chrysler;
Vassily;Klehn;863-04-3885;24 Lindbergh Drive;+55 982 523 0189;Zak;
Francine;McCool;151-74-6128;57 Manitowish Pass;+86 335 948 5062;Bernard;
Doralin;Denecamp;451-96-9580;191 Hintze Way;+86 107 660 6681;Katleen;
Jenifer;Madders;637-97-6709;8 Express Circle;+230 369 629 3210;Ric;
Pattin;Didsbury;254-17-2079;7906 Scoville Street;+86 753 944 7739;Lillis;
Cloris;Lofting;449-45-8274;9 Kenwood Plaza;+353 921 967 4030;Easter;
Nikolai;Filintsev;436-91-1935;09 Iowa Street;+371 943 136 2448;Candra;
Joice;Keyzman;839-48-4558;9512 Merchant Trail;+46 173 436 9032;Marielle;
Nedi;Delwater;519-40-3730;4861 Maple Wood Lane;+54 408 276 0636;Lorie;
Beniamino;Toal;423-89-3966;53 High Crossing Drive;+46 974 542 2862;Waylan;
Petronille;Brayn;242-88-5287;27 Longview Street;+66 473 997 2693;Zak;
Michel;Sugars;495-65-8242;4 Forest Dale Place;+994 902 507 2559;Alisun;
Devlen;Saipy;811-71-7445;91872 Kensington Parkway;+84 915 477 1530;Grete;
Alis;Anand;897-41-1161;30 Holmberg Junction;+86 127 827 0864;Robinette;
Carolynn;Klaaassen;301-40-7012;08 Forster Plaza;+992 160 845 2123;Kearney;
Ginni;Defraine;467-39-1709;7245 Bartillon Lane;+66 220 399 0275;Lin;
Mavis;Dorow;673-17-5131;4867 6th Center;+7 437 564 5947;Anabel;
Milli;Saddleton;295-02-2950;7 Hintze Point;+62 335 183 3860;Kellen;
Natasha;Warrier;609-15-9076;8732 Anniversary Hill;+62 664 991 1517;Rena;
Ralf;Le Noir;573-35-7765;71 West Parkway;+420 410 718 9385;Karlene;
Vitia;Tortoise;763-79-0394;3654 Kingsford Trail;+62 418 439 2942;Barbe;
Eleen;O'Collopy;454-06-6770;21564 Morningstar Terrace;+86 154 512 7615;Fan;
Tresa;Novik;474-07-3847;71 Division Lane;+62 747 932 6977;Avery;
Aidan;Tallent;596-72-4335;3530 Burning Wood Alley;+30 484 625 7899;Paul;
Grier;Roughey;898-56-3406;74289 Eagan Place;+370 300 973 3958;Adrien;
Tobin;Valentin;382-76-2084;17436 Burrows Crossing;+86 651 984 9821;Meta;
Silvano;Chalfain;362-35-5867;9328 Parkside Crossing;+86 129 913 2442;Sherri;
Trina;Panchen;868-30-1502;5371 Helena Lane;+81 823 570 5406;Christoph;
Dagny;Egglestone;777-86-2534;4436 Calypso Crossing;+33 925 492 5294;Olimpia;
Tymothy;Gueinn;205-36-1764;72 Ridgeview Terrace;+57 504 829 0357;Patti;
Kinnie;Fuentes;794-46-7696;00 Gale Crossing;+7 912 599 9254;Zelda;
Paco;Marsy;604-49-5794;6 Bowman Avenue;+212 415 319 8016;Beryl;
Doralia;Blencoe;708-58-5657;982 West Lane;+62 385 242 8471;Darrin;
Laure;Fearby;288-48-8983;943 Pond Road;+62 730 991 9572;Honey;
Farica;Schulze;441-18-9080;51255 Kipling Road;+63 703 846 3366;Hansiain;
Gibbie;Heel;697-25-6464;96971 Dahle Terrace;+46 309 180 7625;Daffi;
Saunders;Rigbye;288-02-4029;67 Elka Alley;+63 470 521 4374;Erminie;
Jeri;Whittam;652-83-3655;97821 Cherokee Center;+351 661 971 2741;Lacy;
Nicolea;Gianilli;725-55-1815;374 Moland Avenue;+63 843 754 4665;Serene;
Gottfried;Perott;663-60-9090;07878 Everett Parkway;+86 836 473 8155;Salem;
Maurice;Spavon;147-28-8347;1 Myrtle Court;+55 836 515 4610;Trudi;
Jocelin;Riccardi;402-52-8430;66452 Sunnyside Crossing;+420 934 249 7628;Shem;
Pincas;Flannery;342-62-1145;7725 Melby Way;+86 577 104 7639;Imelda;
Shanta;O'Dougherty;437-31-3857;1638 Larry Pass;+254 592 650 6685;Issie;
Lonnard;Wilsdon;764-48-9326;2727 Bayside Trail;+386 834 960 6496;Elisha;
Carolus;Gravells;574-52-6416;815 Mcguire Road;+352 947 537 5881;Zahara;
Channa;Franklen;848-81-8085;58 Grover Circle;+48 826 370 3551;Amble;
Dolf;Bresland;504-25-0626;2914 Cottonwood Alley;+48 423 110 2402;Juliana;
